{
  "player_x": 124.103,
  "player_y": 277.1999999993622,
  "player_camera_y": 72.7999999993622
}