{
  "player_x": 141.60754005707642,
  "player_y": 286.4218254063122,
  "player_camera_y": 161.99999999936347
}