{
  "player_x": 107.30146763185321,
  "player_y": 3207.599999999953,
  "player_camera_y": 3003.199999999953
}