{
  "player_x": 174.9911329307927,
  "player_y": 317.2076118448043,
  "player_camera_y": 269.60000000023933
}