{
  "player_x": 235.8046532517452,
  "player_y": 2172.33392155054,
  "player_camera_y": 2139.6000000029694
}