{
  "player_x": 157.74736508138943,
  "player_y": 223.4611906152461,
  "player_camera_y": 113.59999999936278
}