{
  "player_x": 140.95206358114314,
  "player_y": 285.59928573187204,
  "player_camera_y": 197.59999999936397
}