{
  "player_x": 204.60655415948585,
  "player_y": 237.0781386988468,
  "player_camera_y": 142.3999999995451
}