{
  "player_x": 205.19665658240493,
  "player_y": 279.33065658264263,
  "player_camera_y": 93.2000000002378
}