{
  "player_x": 197.98009999999974,
  "player_y": 244.40000000188365,
  "player_camera_y": 40.00000000188365
}