{
  "player_x": 182.79322497184643,
  "player_y": 315.0000000012918,
  "player_camera_y": 232.80000000130389
}