{
  "player_x": 170.77204755831187,
  "player_y": 4077.4309524416813,
  "player_camera_y": 3985.1999999999944
}