{
  "player_x": 205.0000000000005,
  "player_y": 277.19999999947134,
  "player_camera_y": 72.79999999947134
}