{
  "player_x": 127.63365106898645,
  "player_y": 283.751349313013,
  "player_camera_y": 173.99999999936364
}