{
  "player_x": 184.99785719751972,
  "player_y": 286.1323809762224,
  "player_camera_y": 229.19999999954632
}