{
  "player_x": 163.33733329081838,
  "player_y": 245.57460325512915,
  "player_camera_y": 69.99999999954406
}