{
  "player_x": 154.61712690719517,
  "player_y": 285.35206358050675,
  "player_camera_y": 129.999999999363
}