{
  "player_x": 163.59642866253265,
  "player_y": 252.7076984992982,
  "player_camera_y": 84.79999999954427
}